{
  "3M": {
    "days": 63,
    "actual_days": 63,
    "raw_corr": 0.49360001655783126,
    "individual": {
      "VIX": 0.25394894061162615,
      "DXY": 0.48419227093036116,
      "UST_10Y": 0.5132645318981125,
      "UST_2Y": 0.4934595293376435,
      "SPREAD_2s10s": 0.5025857151234114
    },
    "partial_all": 0.28222587659906073
  },
  "6M": {
    "days": 126,
    "actual_days": 126,
    "raw_corr": 0.45307740534980734,
    "individual": {
      "VIX": 0.2066451060534418,
      "DXY": 0.4456374544189715,
      "UST_10Y": 0.45673595607281114,
      "UST_2Y": 0.45786412534616133,
      "SPREAD_2s10s": 0.45359812534722077
    },
    "partial_all": 0.20473842458116706
  },
  "12M": {
    "days": 252,
    "actual_days": 252,
    "raw_corr": 0.45514437444799316,
    "individual": {
      "VIX": 0.20379766032984,
      "DXY": 0.4584090672047585,
      "UST_10Y": 0.4520296049219597,
      "UST_2Y": 0.4348414648522566,
      "SPREAD_2s10s": 0.4509142474730302
    },
    "partial_all": 0.20598061780138008
  }
}