{
  "run_date": "2026-03-04",
  "thesis_decay": {
    "SPY": {
      "21d": {
        "current": 0.6617484138698816,
        "earliest": 0.7425547321768308,
        "mean": 0.42447980688799425,
        "std": 0.19762896130071436,
        "min": -0.19825804797599636,
        "max": 0.7672045163119018
      },
      "63d": {
        "current": 0.5275003322851205,
        "earliest": 0.6288499860428904,
        "mean": 0.44774526998258035,
        "std": 0.07680667160522875,
        "min": 0.24257381648211193,
        "max": 0.6353476649210652
      }
    },
    "QQQ": {
      "21d": {
        "current": 0.6293613519345032,
        "earliest": 0.6655232093575013,
        "mean": 0.43533554521445544,
        "std": 0.19857335969469922,
        "min": -0.23628683621030297,
        "max": 0.8199782614964275
      },
      "63d": {
        "current": 0.5103167688716507,
        "earliest": 0.5514319362700618,
        "mean": 0.4628587502427917,
        "std": 0.08663333967013771,
        "min": 0.22554535481318924,
        "max": 0.6230287663252623
      }
    },
    "IWM": {
      "21d": {
        "current": 0.67861428763296,
        "earliest": 0.6607644361452506,
        "mean": 0.4669186213875771,
        "std": 0.18412430605501054,
        "min": -0.09747561488980641,
        "max": 0.8306325098494789
      },
      "63d": {
        "current": 0.5360618454513637,
        "earliest": 0.6280033658282331,
        "mean": 0.48941604858050375,
        "std": 0.07769497530957706,
        "min": 0.3014609977360498,
        "max": 0.6583749739169409
      }
    },
    "GLD": {
      "21d": {
        "current": 0.39642160255284453,
        "earliest": 0.5347363161941174,
        "mean": 0.12935097673668472,
        "std": 0.2478039192762749,
        "min": -0.45747760780462154,
        "max": 0.621218749170423
      },
      "63d": {
        "current": 0.19221065313499044,
        "earliest": 0.44312910536748223,
        "mean": 0.08277543513318458,
        "std": 0.1236720486537526,
        "min": -0.22239128118984702,
        "max": 0.4467414803557523
      }
    },
    "BTC_SPOT": {
      "21d": {
        "current": 0.9730502188629422,
        "earliest": 0.8658839711900104,
        "mean": 0.8943638250111041,
        "std": 0.06365234931149409,
        "min": 0.7140316202993757,
        "max": 0.9831513293539413
      },
      "63d": {
        "current": 0.9681533379966178,
        "earliest": 0.8851903953110767,
        "mean": 0.895871896767485,
        "std": 0.04387617159692981,
        "min": 0.783284973195562,
        "max": 0.9689945851007695
      }
    },
    "regime_shift_date": "2024-08-29",
    "pct_time_equity_like": 38.726790450928384,
    "vol_data": {
      "GBTC_MINI": 81.5033994409045,
      "SPY": 13.026557570602282,
      "QQQ": 18.10334208112241,
      "IWM": 21.139769036013544,
      "GLD": 43.46029820356114,
      "IWN": 18.373346642230764,
      "BTC_SPOT": 83.02391591313645,
      "IBIT": 80.8434727553162
    }
  },
  "backtests": {
    "baseline": {
      "total_return": 0.17607927351685948,
      "ann_return": 0.10814871171999751,
      "ann_vol": 0.28769607577635875,
      "sharpe": 0.21949799471399922,
      "max_drawdown": -0.2812397087208694,
      "calmar": 0.38454282367123055,
      "n_days": 398
    },
    "path_a": {
      "total_return": 0.15762401208113763,
      "ann_return": 0.09710649382576331,
      "ann_vol": 0.2912200971947545,
      "sharpe": 0.17892478688006516,
      "max_drawdown": -0.28272161526536593,
      "calmar": 0.34347035593517666,
      "n_days": 398,
      "options_cost_total": 4584.549672800747,
      "n_rolls": 7
    },
    "path_b": {
      "total_return": 0.23595095249604592,
      "ann_return": 0.14354178729520406,
      "ann_vol": 0.27996306851724384,
      "sharpe": 0.35198138031957793,
      "max_drawdown": -0.2681176187852718,
      "calmar": 0.5353687234189665,
      "n_days": 398
    }
  },
  "actuals": {
    "total_return": 0.023848526595899644,
    "n_snapshots": 50,
    "first_equity": 97639.3611,
    "last_equity": 99967.916
  }
}